filename,width,height,class,xmin,ymin,xmax,ymax
IMG_20191201_130936.jpg,4000,3000,Car,2237,1393,2779,1722
IMG_20191201_130936.jpg,4000,3000,Person,722,1407,785,1531
IMG_20191201_130936.jpg,4000,3000,Person,875,1399,933,1547
IMG_20191201_130936.jpg,4000,3000,Person,1367,1401,1394,1469
IMG_20191201_130936.jpg,4000,3000,Person,1398,1405,1417,1461
IMG_20191201_130936.jpg,4000,3000,Bicycle,1362,1423,1424,1471
IMG_20191201_130936.jpg,4000,3000,Car,1496,1412,1686,1524
IMG_20191201_130936.jpg,4000,3000,Car,1666,1422,1944,1593
IMG_20191201_130936.jpg,4000,3000,Person,3041,1400,3117,1566
IMG_20191201_130936.jpg,4000,3000,Car,1859,1406,2054,1558
IMG_20191201_130936.jpg,4000,3000,Person,3551,1395,3587,1512
IMG_20191201_130936.jpg,4000,3000,Person,3578,1394,3617,1510
IMG_20191201_130936.jpg,4000,3000,Car,2909,1410,3062,1473
IMG_20191201_130936.jpg,4000,3000,Car,3211,1405,3408,1483
IMG_20191201_130936.jpg,4000,3000,Taxi,3413,1413,3565,1504
IMG_20191201_130943.jpg,4000,3000,Car,1576,1476,2560,2228
IMG_20191201_130943.jpg,4000,3000,Car,2576,1386,3782,2064
IMG_20191201_130943.jpg,4000,3000,Coach,1776,1322,2756,1612
IMG_20191201_130943.jpg,4000,3000,Car,2382,1493,2708,1647
IMG_20191201_130943.jpg,4000,3000,Person,179,1394,283,1777
IMG_20191201_130943.jpg,4000,3000,Person,79,1415,198,1725
IMG_20191201_130943.jpg,4000,3000,Car,996,1517,1152,1600
IMG_20191201_130943.jpg,4000,3000,Car,912,1511,998,1579
IMG_20191201_130943.jpg,4000,3000,Person,1268,1496,1323,1601
IMG_20191201_130943.jpg,4000,3000,Person,1336,1493,1407,1619
IMG_20191201_130943.jpg,4000,3000,Bicycle,1263,1541,1326,1618
IMG_20191201_130943.jpg,4000,3000,Bicycle,1331,1550,1418,1624
IMG_20191201_130943.jpg,4000,3000,Car,1134,1523,1227,1589
IMG_20191201_131030.jpg,4000,3000,Car,1811,1599,2814,2331
IMG_20191201_131030.jpg,4000,3000,Van,1266,1483,1776,1935
IMG_20191201_131030.jpg,4000,3000,Person,292,1633,395,1884
IMG_20191201_131030.jpg,4000,3000,Car,815,1692,1041,1772
IMG_20191201_131030.jpg,4000,3000,Car,1130,1675,1321,1761
IMG_20191201_131030.jpg,4000,3000,Person,1797,1648,1837,1779
IMG_20191201_131030.jpg,4000,3000,Person,1880,1645,1947,1741
IMG_20191201_131030.jpg,4000,3000,Bicycle,1845,1690,1966,1762
IMG_20191201_131030.jpg,4000,3000,Bicycle,1792,1705,1830,1788
IMG_20191201_131116.jpg,4000,3000,Car,2005,1502,2350,1770
IMG_20191201_131116.jpg,4000,3000,Car,1307,1526,1543,1684
IMG_20191201_131116.jpg,4000,3000,Car,1597,1574,1718,1669
IMG_20191201_131116.jpg,4000,3000,Person,2903,1439,3015,1702
IMG_20191201_131116.jpg,4000,3000,Bicycle,2895,1557,3007,1744
IMG_20191201_131128.jpg,4000,3000,Coach,892,1309,1453,1696
IMG_20191201_131128.jpg,4000,3000,Coach,1469,1431,1714,1651
IMG_20191201_131128.jpg,4000,3000,Car,1742,1564,1911,1699
IMG_20191201_131128.jpg,4000,3000,Car,1976,1567,2088,1664
IMG_20191201_131128.jpg,4000,3000,Person,295,1479,395,1702
IMG_20191201_131128.jpg,4000,3000,Person,416,1486,489,1700
IMG_20191201_131128.jpg,4000,3000,Person,453,1483,553,1697
IMG_20191201_131128.jpg,4000,3000,Person,2352,1554,2376,1614
IMG_20191201_131128.jpg,4000,3000,Person,2321,1548,2351,1616
IMG_20191201_131134.jpg,4000,3000,Car,1434,1580,1798,1822
IMG_20191201_131134.jpg,4000,3000,Person,2,1480,105,1760
IMG_20191201_131134.jpg,4000,3000,Person,147,1473,244,1776
IMG_20191201_131134.jpg,4000,3000,Car,1970,1599,2140,1740
IMG_20191201_131134.jpg,4000,3000,Car,1837,1603,1959,1699
IMG_20191201_131134.jpg,4000,3000,Airlink,1715,1500,2050,1635
IMG_20191201_131134.jpg,4000,3000,Bicycle,2552,1627,2681,1703
IMG_20191201_131145.jpg,4000,3000,Car,1624,1464,2666,2280
IMG_20191201_131145.jpg,4000,3000,Car,2,1476,1385,2518
IMG_20191201_131145.jpg,4000,3000,Car,1289,1531,1747,1844
IMG_20191201_131217.jpg,4000,3000,Car,2,1631,950,2402
IMG_20191201_131217.jpg,4000,3000,Car,1102,1644,1734,2012
IMG_20191201_131217.jpg,4000,3000,Car,2008,1667,2373,1944
IMG_20191201_131217.jpg,4000,3000,Person,108,1610,189,1912
IMG_20191201_131217.jpg,4000,3000,Person,784,1619,824,1784
IMG_20191201_131217.jpg,4000,3000,Person,815,1633,868,1771
IMG_20191201_131217.jpg,4000,3000,Person,901,1599,924,1696
IMG_20191201_131217.jpg,4000,3000,Person,927,1607,946,1698
IMG_20191201_131217.jpg,4000,3000,Person,949,1608,997,1714
IMG_20191201_131217.jpg,4000,3000,Bicycle,951,1685,1101,1785
IMG_20191201_131217.jpg,4000,3000,Person,1043,1630,1085,1726
IMG_20191201_131217.jpg,4000,3000,Person,998,1626,1042,1724
IMG_20191201_131217.jpg,4000,3000,Bus,1589,1601,1803,1682
IMG_20191201_131217.jpg,4000,3000,Bus,1202,1497,1464,1660
IMG_20191201_131217.jpg,4000,3000,Taxi,1073,1635,1342,1877
IMG_20191201_131217.jpg,4000,3000,Car,1971,1655,2100,1756
IMG_20191201_131217.jpg,4000,3000,Person,1964,1626,1985,1681
IMG_20191201_131217.jpg,4000,3000,Airlink,3072,1619,3259,1677
IMG_20191201_131217.jpg,4000,3000,Coach,3748,1614,3999,1706
IMG_20191201_131222.jpg,4000,3000,Coach,1,1035,505,1783
IMG_20191201_131222.jpg,4000,3000,Taxi,589,1464,1166,1783
IMG_20191201_131222.jpg,4000,3000,Car,1202,1476,1760,1857
IMG_20191201_131222.jpg,4000,3000,Car,1985,1505,2373,1815
IMG_20191201_131222.jpg,4000,3000,Coach,431,1209,1069,1722
IMG_20191201_131222.jpg,4000,3000,Bus,1063,1367,1427,1654
IMG_20191201_131222.jpg,4000,3000,Person,2685,1447,2818,1773
IMG_20191201_131245.jpg,4000,3000,Car,214,1454,1560,2105
IMG_20191201_131245.jpg,4000,3000,Car,1747,1457,2756,2131
IMG_20191201_131245.jpg,4000,3000,Person,2879,1373,3040,1860
IMG_20191201_131245.jpg,4000,3000,Person,3011,1376,3173,1864
IMG_20191201_131245.jpg,4000,3000,Van,1,1133,302,2035
IMG_20191201_131245.jpg,4000,3000,Person,256,1474,341,1699
IMG_20191201_131245.jpg,4000,3000,Person,342,1520,409,1673
IMG_20191201_131245.jpg,4000,3000,Person,416,1510,510,1664
IMG_20191201_131245.jpg,4000,3000,Person,2678,1514,2720,1645
IMG_20191201_131245.jpg,4000,3000,Person,2725,1507,2773,1657
IMG_20191201_131245.jpg,4000,3000,Person,3194,1509,3232,1607
IMG_20191201_131245.jpg,4000,3000,Person,3280,1516,3334,1608
IMG_20191201_131329.jpg,4000,3000,Van,1,1084,1237,2080
IMG_20191201_131329.jpg,4000,3000,Car,876,1622,1789,2260
IMG_20191201_131329.jpg,4000,3000,Car,2360,1735,2927,2073
IMG_20191201_131329.jpg,4000,3000,Person,1986,1733,2021,1863
IMG_20191201_131329.jpg,4000,3000,Car,1758,1737,1938,1883
IMG_20191201_131329.jpg,4000,3000,Person,3112,1700,3195,1899
IMG_20191201_131329.jpg,4000,3000,Person,2280,1702,2337,1873
IMG_20191201_131329.jpg,4000,3000,Person,2080,1722,2125,1860
IMG_20191201_131329.jpg,4000,3000,Person,2163,1710,2210,1873
IMG_20191201_131329.jpg,4000,3000,Person,2221,1728,2256,1865
IMG_20191201_131329.jpg,4000,3000,Person,3254,1723,3309,1901
IMG_20191201_131329.jpg,4000,3000,Person,3360,1705,3449,1900
IMG_20191201_131329.jpg,4000,3000,Person,3937,1730,4000,1918
IMG_20191201_131335.jpg,4000,3000,Car,1995,1538,2418,1876
IMG_20191201_131335.jpg,4000,3000,Person,671,1425,818,1857
IMG_20191201_131335.jpg,4000,3000,Person,47,1415,140,1820
IMG_20191201_131335.jpg,4000,3000,Person,167,1426,333,1840
IMG_20191201_131335.jpg,4000,3000,Person,337,1418,451,1834
IMG_20191201_131335.jpg,4000,3000,Person,440,1431,547,1823
IMG_20191201_131335.jpg,4000,3000,Person,878,1522,944,1716
IMG_20191201_131335.jpg,4000,3000,Person,973,1511,1040,1714
IMG_20191201_131335.jpg,4000,3000,Person,1046,1493,1137,1771
IMG_20191201_131335.jpg,4000,3000,Person,1145,1489,1210,1740
IMG_20191201_131335.jpg,4000,3000,Person,1211,1490,1330,1773
IMG_20191201_131335.jpg,4000,3000,Person,1338,1542,1407,1699
IMG_20191201_131335.jpg,4000,3000,Person,1407,1514,1482,1744
IMG_20191201_131335.jpg,4000,3000,Person,1497,1520,1553,1738
IMG_20191201_131335.jpg,4000,3000,Person,1560,1503,1649,1743
IMG_20191201_131335.jpg,4000,3000,Person,1638,1532,1695,1722
IMG_20191201_131335.jpg,4000,3000,Person,1870,1548,1942,1697
IMG_20191201_131335.jpg,4000,3000,Person,1960,1549,2009,1659
IMG_20191201_131335.jpg,4000,3000,Person,2395,1527,2491,1701
IMG_20191201_131335.jpg,4000,3000,Person,3055,1527,3126,1708
IMG_20191201_131335.jpg,4000,3000,Person,2826,1556,2863,1652
IMG_20191201_131335.jpg,4000,3000,Person,3298,1523,3365,1702
IMG_20191201_131335.jpg,4000,3000,Person,3627,1508,3687,1729
IMG_20191201_131335.jpg,4000,3000,Person,3675,1518,3735,1733
IMG_20191201_131411.jpg,4000,3000,Car,1808,1580,2211,1909
IMG_20191201_131411.jpg,4000,3000,Person,80,1551,178,1815
IMG_20191201_131411.jpg,4000,3000,Person,722,1579,837,1864
IMG_20191201_131411.jpg,4000,3000,Person,835,1585,926,1841
IMG_20191201_131411.jpg,4000,3000,Person,959,1533,1086,1858
IMG_20191201_131411.jpg,4000,3000,Bicycle,1114,1642,1459,1877
IMG_20191201_131411.jpg,4000,3000,Person,1143,1523,1341,1875
IMG_20191201_131411.jpg,4000,3000,Person,1389,1577,1429,1685
IMG_20191201_131411.jpg,4000,3000,Person,3659,1446,3859,1785
IMG_20191201_131411.jpg,4000,3000,Taxi,3384,1548,3727,1729
IMG_20191201_131411.jpg,4000,3000,Bicycle,3305,1581,3456,1715
IMG_20191201_131411.jpg,4000,3000,Person,2527,1535,2583,1686
IMG_20191201_131411.jpg,4000,3000,Bicycle,2569,1595,2642,1713
IMG_20191201_131411.jpg,4000,3000,Bicycle,1776,1613,1815,1669
IMG_20191201_131506.jpg,4000,3000,Car,2547,1602,3302,2089
IMG_20191201_131506.jpg,4000,3000,Person,148,1665,279,1969
IMG_20191201_131506.jpg,4000,3000,Person,420,1624,548,1972
IMG_20191201_131506.jpg,4000,3000,Person,600,1655,715,1976
IMG_20191201_131506.jpg,4000,3000,Person,759,1589,907,1980
IMG_20191201_131506.jpg,4000,3000,Person,948,1620,1090,2004
IMG_20191201_131506.jpg,4000,3000,Person,1146,1665,1265,2018
IMG_20191201_131506.jpg,4000,3000,Person,1479,1687,1555,1889
IMG_20191201_131506.jpg,4000,3000,Person,1897,1652,2008,1910
IMG_20191201_131506.jpg,4000,3000,Person,2082,1663,2165,1918
IMG_20191201_131506.jpg,4000,3000,Person,2179,1641,2304,1930
IMG_20191201_131506.jpg,4000,3000,Person,3506,1589,3646,1930
IMG_20191201_131506.jpg,4000,3000,Person,3313,1599,3439,1927
IMG_20191201_131510.jpg,4000,3000,Person,35,1552,198,1928
IMG_20191201_131510.jpg,4000,3000,Person,383,1495,567,1949
IMG_20191201_131510.jpg,4000,3000,Person,694,1501,852,2023
IMG_20191201_131510.jpg,4000,3000,Person,1193,1599,1269,1828
IMG_20191201_131510.jpg,4000,3000,Person,1272,1573,1360,1822
IMG_20191201_131510.jpg,4000,3000,Person,1578,1510,1890,2017
IMG_20191201_131510.jpg,4000,3000,Person,2017,1542,2183,2030
IMG_20191201_131510.jpg,4000,3000,Person,2391,1567,2457,1789
IMG_20191201_131510.jpg,4000,3000,Person,2457,1564,2544,1795
IMG_20191201_131510.jpg,4000,3000,Person,3020,1531,3084,1770
IMG_20191201_131510.jpg,4000,3000,Person,3127,1510,3236,1837
IMG_20191201_131510.jpg,4000,3000,Person,3288,1464,3412,1880
IMG_20191201_131527.jpg,4000,3000,Car,3085,1372,4000,2217
IMG_20191201_131527.jpg,4000,3000,Person,484,1370,763,2130
IMG_20191201_131527.jpg,4000,3000,Person,265,1454,516,2128
IMG_20191201_131527.jpg,4000,3000,Person,94,1469,251,1941
IMG_20191201_131527.jpg,4000,3000,Person,1233,1538,1437,1864
IMG_20191201_131527.jpg,4000,3000,Person,1470,1504,1595,1828
IMG_20191201_131527.jpg,4000,3000,Person,1085,1546,1149,1759
IMG_20191201_131527.jpg,4000,3000,Person,1668,1501,1819,1849
IMG_20191201_131527.jpg,4000,3000,Bicycle,1672,1628,1775,1880
IMG_20191201_131527.jpg,4000,3000,Bus,2657,1457,2875,1643
IMG_20191201_131527.jpg,4000,3000,Bus,1957,1528,2025,1625
IMG_20191201_131532.jpg,4000,3000,Person,110,1537,257,2003
IMG_20191201_131532.jpg,4000,3000,Person,266,1597,382,1919
IMG_20191201_131532.jpg,4000,3000,Person,459,1574,555,1974
IMG_20191201_131532.jpg,4000,3000,Person,631,1511,940,2241
IMG_20191201_131532.jpg,4000,3000,Person,1081,1563,1183,2043
IMG_20191201_131532.jpg,4000,3000,Bicycle,1236,1704,1424,1920
IMG_20191201_131532.jpg,4000,3000,Person,1556,1612,1641,1877
IMG_20191201_131532.jpg,4000,3000,Bus,1919,1584,2018,1738
IMG_20191201_131532.jpg,4000,3000,Person,3432,1578,3657,1909
IMG_20191201_131532.jpg,4000,3000,Person,3217,1581,3358,1927
IMG_20191201_131532.jpg,4000,3000,Person,3001,1628,3065,1820
IMG_20191201_131532.jpg,4000,3000,Person,2860,1639,2912,1795
IMG_20191201_131532.jpg,4000,3000,Person,2672,1613,2733,1823
IMG_20191201_131532.jpg,4000,3000,Bus,2398,1615,2525,1721
IMG_20191201_131603.jpg,4000,3000,Person,100,1649,220,1989
IMG_20191201_131603.jpg,4000,3000,Car,331,1599,767,1744
IMG_20191201_131603.jpg,4000,3000,Car,1237,1578,1729,1733
IMG_20191201_131603.jpg,4000,3000,Car,2175,1540,2526,1700
IMG_20191201_131603.jpg,4000,3000,Person,2625,1509,2744,1729
IMG_20191201_131603.jpg,4000,3000,Person,2136,1544,2175,1657
IMG_20191201_131603.jpg,4000,3000,Person,1932,1565,1970,1659
IMG_20191201_131603.jpg,4000,3000,Car,2516,1546,2857,1675
IMG_20191201_131603.jpg,4000,3000,Car,3244,1544,3648,1670
IMG_20191201_131603.jpg,4000,3000,Car,3641,1537,3919,1660
IMG_20191201_131610.jpg,4000,3000,Person,348,1524,451,1804
IMG_20191201_131610.jpg,4000,3000,Person,477,1519,617,1803
IMG_20191201_131610.jpg,4000,3000,Person,645,1531,751,1748
IMG_20191201_131610.jpg,4000,3000,Person,1175,1524,1244,1749
IMG_20191201_131610.jpg,4000,3000,Person,1307,1497,1401,1800
IMG_20191201_131610.jpg,4000,3000,Car,466,1576,948,1728
IMG_20191201_131610.jpg,4000,3000,Car,1159,1566,1562,1718
IMG_20191201_131610.jpg,4000,3000,Bicycle,1387,1618,1601,1717
IMG_20191201_131610.jpg,4000,3000,Person,2104,1499,2152,1645
IMG_20191201_131610.jpg,4000,3000,Person,2047,1545,2086,1641
IMG_20191201_131610.jpg,4000,3000,Person,1922,1544,1954,1640
IMG_20191201_131610.jpg,4000,3000,Person,1998,1543,2025,1622
IMG_20191201_131610.jpg,4000,3000,Car,2186,1507,2596,1678
IMG_20191201_131610.jpg,4000,3000,Person,2607,1505,2649,1634
IMG_20191201_131610.jpg,4000,3000,Car,2690,1518,3095,1646
IMG_20191201_131610.jpg,4000,3000,Bus,2413,1433,2633,1613
IMG_20191201_131610.jpg,4000,3000,Person,3244,1548,3269,1616
IMG_20191201_131610.jpg,4000,3000,Person,3269,1543,3297,1619
IMG_20191201_131610.jpg,4000,3000,Person,3346,1538,3380,1610
IMG_20191201_131610.jpg,4000,3000,Car,3488,1500,3847,1633
IMG_20191201_131610.jpg,4000,3000,Person,3868,1441,3970,1691
IMG_20191201_131625.jpg,4000,3000,Person,714,1528,814,1847
IMG_20191201_131625.jpg,4000,3000,Person,833,1448,984,1835
IMG_20191201_131625.jpg,4000,3000,Person,1031,1442,1169,1847
IMG_20191201_131625.jpg,4000,3000,Person,1340,1519,1383,1648
IMG_20191201_131625.jpg,4000,3000,Person,1423,1509,1475,1653
IMG_20191201_131625.jpg,4000,3000,Person,1472,1505,1517,1654
IMG_20191201_131625.jpg,4000,3000,Person,1549,1527,1596,1628
IMG_20191201_131625.jpg,4000,3000,Bicycle,1549,1581,1593,1646
IMG_20191201_131625.jpg,4000,3000,Car,1678,1443,2167,1869
IMG_20191201_131625.jpg,4000,3000,Luas,1936,1280,2900,1684
IMG_20191201_131625.jpg,4000,3000,Car,2057,1520,2238,1657
IMG_20191201_131625.jpg,4000,3000,Car,2904,1499,2990,1672
IMG_20191201_131625.jpg,4000,3000,Person,3331,1457,3443,1716
IMG_20191201_131626.jpg,4000,3000,Person,414,1425,663,1941
IMG_20191201_131626.jpg,4000,3000,Person,1333,1571,1379,1715
IMG_20191201_131626.jpg,4000,3000,Person,1382,1572,1441,1727
IMG_20191201_131626.jpg,4000,3000,Person,1449,1558,1499,1722
IMG_20191201_131626.jpg,4000,3000,Person,1499,1552,1551,1707
IMG_20191201_131626.jpg,4000,3000,Car,1596,1477,2222,2013
IMG_20191201_131626.jpg,4000,3000,Car,2166,1568,2443,1750
IMG_20191201_131626.jpg,4000,3000,Luas,2102,938,3995,1936
IMG_20191201_131631.jpg,4000,3000,Car,1707,1526,2336,2061
IMG_20191201_131631.jpg,4000,3000,Person,1361,1618,1434,1810
IMG_20191201_131631.jpg,4000,3000,Person,1423,1620,1493,1811
IMG_20191201_131631.jpg,4000,3000,Person,1505,1603,1584,1820
IMG_20191201_131631.jpg,4000,3000,Person,1574,1593,1651,1795
IMG_20191201_131631.jpg,4000,3000,Taxi,3515,1608,4000,2193
IMG_20191201_131631.jpg,4000,3000,Car,2659,1579,3410,1954
IMG_20191201_131631.jpg,4000,3000,Car,2395,1608,2789,1821
IMG_20191201_131631.jpg,4000,3000,Van,2267,1574,2513,1787
IMG_20191201_131631.jpg,4000,3000,Luas,2685,1020,4000,1891
IMG_20191201_131650.jpg,4000,3000,Person,14,1289,233,1849
IMG_20191201_131650.jpg,4000,3000,Person,214,1305,435,1920
IMG_20191201_131650.jpg,4000,3000,Person,191,1241,442,1856
IMG_20191201_131650.jpg,4000,3000,Person,512,1269,757,1899
IMG_20191201_131650.jpg,4000,3000,Person,885,1383,999,1646
IMG_20191201_131650.jpg,4000,3000,Person,1096,1416,1164,1593
IMG_20191201_131650.jpg,4000,3000,Person,1173,1388,1259,1596
IMG_20191201_131650.jpg,4000,3000,Car,1581,1416,2002,1744
IMG_20191201_131650.jpg,4000,3000,Bicycle,1432,1463,1509,1593
IMG_20191201_131650.jpg,4000,3000,Person,1502,1410,1540,1528
IMG_20191201_131650.jpg,4000,3000,Person,1589,1410,1626,1512
IMG_20191201_131650.jpg,4000,3000,Person,2212,1421,2262,1543
IMG_20191201_131650.jpg,4000,3000,Person,2277,1425,2322,1536
IMG_20191201_131650.jpg,4000,3000,Person,2319,1412,2362,1531
IMG_20191201_131650.jpg,4000,3000,Person,2377,1412,2414,1533
IMG_20191201_131650.jpg,4000,3000,Person,2414,1405,2465,1543
IMG_20191201_131650.jpg,4000,3000,Person,2456,1411,2496,1535
IMG_20191201_131650.jpg,4000,3000,Person,2946,1423,2985,1504
IMG_20191201_131650.jpg,4000,3000,Person,3100,1410,3140,1509
IMG_20191201_131650.jpg,4000,3000,Bicycle,3205,1442,3290,1526
IMG_20191201_131709.jpg,4000,3000,Person,670,1419,826,1860
IMG_20191201_131709.jpg,4000,3000,Person,811,1399,993,1869
IMG_20191201_131709.jpg,4000,3000,Person,1095,1468,1179,1693
IMG_20191201_131709.jpg,4000,3000,Person,1155,1470,1238,1682
IMG_20191201_131709.jpg,4000,3000,Person,1293,1470,1356,1679
IMG_20191201_131709.jpg,4000,3000,Person,1349,1481,1414,1679
IMG_20191201_131709.jpg,4000,3000,Person,1296,1525,1347,1679
IMG_20191201_131709.jpg,4000,3000,Bicycle,1426,1591,1587,1880
IMG_20191201_131709.jpg,4000,3000,Person,1424,1458,1587,1762
IMG_20191201_131709.jpg,4000,3000,Car,1746,1516,2195,1875
IMG_20191201_131709.jpg,4000,3000,Car,2349,1530,2602,1712
IMG_20191201_131709.jpg,4000,3000,Person,2908,1487,2987,1743
IMG_20191201_131709.jpg,4000,3000,Person,2954,1487,3037,1763
IMG_20191201_131709.jpg,4000,3000,Person,3036,1485,3119,1752
IMG_20191201_131715.jpg,4000,3000,Car,1,1082,1103,2036
IMG_20191201_131715.jpg,4000,3000,Person,1,1538,464,2148
IMG_20191201_131715.jpg,4000,3000,Taxi,885,1439,1339,1779
IMG_20191201_131715.jpg,4000,3000,Person,1498,1434,1634,1728
IMG_20191201_131715.jpg,4000,3000,Bicycle,1498,1536,1615,1756
IMG_20191201_131715.jpg,4000,3000,Car,1700,1446,2246,1902
IMG_20191201_131715.jpg,4000,3000,Van,1092,1372,1492,1697
IMG_20191201_131715.jpg,4000,3000,Car,2646,1410,3666,1900
IMG_20191201_131715.jpg,4000,3000,Car,2289,1416,2690,1718
IMG_20191201_131715.jpg,4000,3000,Bicycle,3433,1472,3800,1775
IMG_20191201_131722.jpg,4000,3000,Person,404,1546,495,1744
IMG_20191201_131722.jpg,4000,3000,Person,503,1492,599,1748
IMG_20191201_131722.jpg,4000,3000,Person,563,1423,675,1758
IMG_20191201_131722.jpg,4000,3000,Person,603,1426,671,1589
IMG_20191201_131722.jpg,4000,3000,Person,676,1451,762,1701
IMG_20191201_131722.jpg,4000,3000,Person,1544,1513,1592,1608
IMG_20191201_131722.jpg,4000,3000,Car,1688,1510,2086,1838
IMG_20191201_131722.jpg,4000,3000,Car,1641,1542,1766,1632
IMG_20191201_131722.jpg,4000,3000,Person,2119,1513,2163,1649
IMG_20191201_131722.jpg,4000,3000,Person,2167,1503,2209,1667
IMG_20191201_131722.jpg,4000,3000,Car,3003,1429,4000,2147
IMG_20191201_131722.jpg,4000,3000,Car,2478,1484,3047,1811
IMG_20191201_131722.jpg,4000,3000,Car,2312,1510,2610,1725
IMG_20191201_131727.jpg,4000,3000,Car,1,1552,847,2202
IMG_20191201_131727.jpg,4000,3000,Person,1074,1554,1142,1706
IMG_20191201_131727.jpg,4000,3000,Person,1125,1548,1210,1723
IMG_20191201_131727.jpg,4000,3000,Car,1289,1564,1532,1748
IMG_20191201_131727.jpg,4000,3000,Person,1235,1548,1286,1680
IMG_20191201_131727.jpg,4000,3000,Person,1528,1557,1574,1693
IMG_20191201_131727.jpg,4000,3000,Car,1548,1536,1726,1689
IMG_20191201_131727.jpg,4000,3000,Car,1660,1547,2069,1899
IMG_20191201_131727.jpg,4000,3000,Car,3094,1439,4000,2289
IMG_20191201_131727.jpg,4000,3000,Car,2593,1527,3280,1906
IMG_20191201_131727.jpg,4000,3000,Car,2314,1563,2687,1796
IMG_20191201_131732.jpg,4000,3000,Taxi,1,1294,644,2131
IMG_20191201_131732.jpg,4000,3000,Person,952,1586,1075,1859
IMG_20191201_131732.jpg,4000,3000,Person,1132,1594,1202,1756
IMG_20191201_131732.jpg,4000,3000,Scooter,1096,1651,1178,1800
IMG_20191201_131732.jpg,4000,3000,Bicycle,1212,1675,1278,1774
IMG_20191201_131732.jpg,4000,3000,Bicycle,1254,1696,1342,1775
IMG_20191201_131732.jpg,4000,3000,Person,1505,1649,1543,1736
IMG_20191201_131732.jpg,4000,3000,Person,1454,1640,1498,1737
IMG_20191201_131732.jpg,4000,3000,Person,1415,1645,1452,1745
IMG_20191201_131732.jpg,4000,3000,Person,1337,1629,1371,1732
IMG_20191201_131732.jpg,4000,3000,Car,1833,1628,2049,1803
IMG_20191201_131732.jpg,4000,3000,Person,2376,1562,2474,1807
IMG_20191201_131732.jpg,4000,3000,Car,2622,1637,2844,1783
IMG_20191201_131732.jpg,4000,3000,Car,2839,1585,3462,1956
IMG_20191201_131732.jpg,4000,3000,Person,3495,1593,3568,1746
IMG_20191201_131732.jpg,4000,3000,Person,3922,1604,3997,1791
IMG_20191201_131732.jpg,4000,3000,Car,3853,1669,4000,2009
IMG_20191201_131742.jpg,4000,3000,Person,35,1408,183,1847
IMG_20191201_131742.jpg,4000,3000,Person,105,1419,254,1883
IMG_20191201_131742.jpg,4000,3000,Person,370,1438,493,1759
IMG_20191201_131742.jpg,4000,3000,Person,321,1487,416,1759
IMG_20191201_131742.jpg,4000,3000,Person,206,1440,345,1784
IMG_20191201_131742.jpg,4000,3000,Bicycle,1117,1573,1300,1708
IMG_20191201_131742.jpg,4000,3000,Person,1395,1513,1481,1685
IMG_20191201_131742.jpg,4000,3000,Car,1466,1531,1758,1757
IMG_20191201_131742.jpg,4000,3000,Car,1765,1505,2298,1930
IMG_20191201_131742.jpg,4000,3000,Car,3122,1545,3503,1755
IMG_20191201_131742.jpg,4000,3000,Car,2850,1511,3160,1703
IMG_20191201_131742.jpg,4000,3000,Car,2671,1550,2870,1678
IMG_20191201_131742.jpg,4000,3000,Car,2558,1535,2735,1653
IMG_20191201_131742.jpg,4000,3000,Car,2499,1549,2610,1640
IMG_20191201_131742.jpg,4000,3000,Car,3490,1477,4000,1844
IMG_20191201_131910.jpg,4000,3000,Person,777,1764,835,1923
IMG_20191201_131910.jpg,4000,3000,Person,838,1699,935,1923
IMG_20191201_131910.jpg,4000,3000,Person,953,1716,1020,1927
IMG_20191201_131910.jpg,4000,3000,Person,1014,1705,1072,1932
IMG_20191201_131910.jpg,4000,3000,Person,1036,1717,1153,1930
IMG_20191201_131910.jpg,4000,3000,Bicycle,995,1795,1230,1936
IMG_20191201_131910.jpg,4000,3000,Car,1535,1720,2080,2165
IMG_20191201_131910.jpg,4000,3000,Person,1554,1751,1593,1852
IMG_20191201_131910.jpg,4000,3000,Car,2012,1778,2125,1846
IMG_20191201_131910.jpg,4000,3000,Person,2551,1756,2594,1864
IMG_20191201_131910.jpg,4000,3000,Person,2590,1740,2632,1858
IMG_20191201_131910.jpg,4000,3000,Person,2635,1755,2677,1873
IMG_20191201_131910.jpg,4000,3000,Person,2677,1765,2717,1862
IMG_20191201_131910.jpg,4000,3000,Bicycle,2965,1813,3149,1963
IMG_20191201_131910.jpg,4000,3000,Bicycle,2883,1820,3003,1950
IMG_20191201_131910.jpg,4000,3000,Bicycle,2814,1805,2896,1939
IMG_20191201_131910.jpg,4000,3000,Bicycle,2714,1814,2792,1927
IMG_20191201_131910.jpg,4000,3000,Bicycle,2566,1806,2634,1904
IMG_20191201_131910.jpg,4000,3000,Bicycle,2650,1812,2730,1914
IMG_20191201_132003.jpg,4000,3000,Car,1,1521,1358,2485
IMG_20191201_132003.jpg,4000,3000,Car,1254,1551,1670,1904
IMG_20191201_132003.jpg,4000,3000,Car,1681,1620,1794,1714
IMG_20191201_132003.jpg,4000,3000,Car,1858,1610,1974,1710
IMG_20191201_132003.jpg,4000,3000,Car,2923,1521,4000,2299
IMG_20191201_132003.jpg,4000,3000,Car,2521,1581,3084,1957
IMG_20191201_132003.jpg,4000,3000,Van,2308,1533,2723,1855
IMG_20191201_132003.jpg,4000,3000,Car,2113,1609,2263,1734
IMG_20191201_132011.jpg,4000,3000,Car,1669,1567,2135,1776
IMG_20191201_132011.jpg,4000,3000,Car,1970,1514,2353,1853
IMG_20191201_132011.jpg,4000,3000,Car,2431,1597,2675,1737
IMG_20191201_132011.jpg,4000,3000,Car,3433,1532,4000,2098
IMG_20191201_132029.jpg,4000,3000,Car,1,1389,1100,2670
IMG_20191201_132029.jpg,4000,3000,Car,833,1605,1392,2134
IMG_20191201_132029.jpg,4000,3000,Car,1139,1636,1513,1959
IMG_20191201_132029.jpg,4000,3000,Car,1602,1623,1908,1861
IMG_20191201_132029.jpg,4000,3000,Car,3277,1586,4000,1995
IMG_20191201_132029.jpg,4000,3000,Car,2882,1605,3374,1889
IMG_20191201_132029.jpg,4000,3000,Car,1957,1655,2144,1782
IMG_20191201_132029.jpg,4000,3000,Car,2240,1646,2489,1780
IMG_20191201_132029.jpg,4000,3000,Van,2453,1593,2702,1770
IMG_20191201_132036.jpg,4000,3000,Car,652,1548,1726,2175
IMG_20191201_132036.jpg,4000,3000,Van,1472,1384,2322,2005
IMG_20191201_132036.jpg,4000,3000,Car,2854,1459,3610,1836
IMG_20191201_132036.jpg,4000,3000,Car,3463,1504,4000,1756
IMG_20191201_132038.jpg,4000,3000,Car,1,1255,1104,2397
IMG_20191201_132038.jpg,4000,3000,Car,837,1482,1683,1886
IMG_20191201_132038.jpg,4000,3000,Car,1493,1506,2023,1763
IMG_20191201_132038.jpg,4000,3000,Car,1975,1524,2206,1692
IMG_20191201_132038.jpg,4000,3000,Car,2527,1560,2672,1628
IMG_20191201_132038.jpg,4000,3000,Van,2601,1539,2746,1627
IMG_20191201_132038.jpg,4000,3000,Car,2715,1565,2804,1630
IMG_20191201_132038.jpg,4000,3000,Car,2775,1571,2872,1627
IMG_20191201_132038.jpg,4000,3000,Van,2860,1523,2967,1635
IMG_20191201_132046.jpg,4000,3000,Car,1814,1723,2162,1929
IMG_20191201_132046.jpg,4000,3000,Car,1984,1665,2262,1888
IMG_20191201_132046.jpg,4000,3000,Van,2846,1586,3364,1990
IMG_20191201_132046.jpg,4000,3000,Car,2467,1746,2598,1821
IMG_20191201_132052.jpg,4000,3000,Car,1195,1674,1763,2037
IMG_20191201_132052.jpg,4000,3000,Van,1531,1590,1889,1920
IMG_20191201_132052.jpg,4000,3000,Car,1886,1672,2054,1734
IMG_20191201_132058.jpg,4000,3000,Car,330,1558,1033,1879
IMG_20191201_132058.jpg,4000,3000,Car,1031,1585,1560,1764
IMG_20191201_132058.jpg,4000,3000,Car,1520,1625,1831,1756
IMG_20191201_132058.jpg,4000,3000,Car,1779,1599,2179,1760
IMG_20191201_132058.jpg,4000,3000,Car,2156,1607,2560,1773
IMG_20191201_132058.jpg,4000,3000,Car,2379,1605,2830,1809
IMG_20191201_132105.jpg,4000,3000,Car,1,1457,1147,1898
IMG_20191201_132105.jpg,4000,3000,Car,1142,1432,3048,2215
IMG_20191201_132105.jpg,4000,3000,Car,3214,1504,4000,1842
IMG_20191201_132203.jpg,4000,3000,Car,1,1425,1594,2797
IMG_20191201_132203.jpg,4000,3000,Car,1920,1444,4000,2473
IMG_20191201_132203.jpg,4000,3000,Car,1595,1580,2009,1805
IMG_20191201_132207.jpg,4000,3000,Car,1,1380,1727,2616
IMG_20191201_132207.jpg,4000,3000,Car,1436,1418,2620,2057
IMG_20191201_132207.jpg,4000,3000,Car,2956,1510,4000,2135
IMG_20191201_132207.jpg,4000,3000,Car,2349,1551,3104,1877
IMG_20191201_132222.jpg,4000,3000,Car,4,1309,1375,2167
IMG_20191201_132222.jpg,4000,3000,Car,1856,1439,2406,1893
IMG_20191201_132222.jpg,4000,3000,Car,1282,1437,1696,1806
IMG_20191201_132222.jpg,4000,3000,Car,2442,1504,2558,1587
IMG_20191201_132222.jpg,4000,3000,Person,2658,1495,2696,1576
IMG_20191201_132222.jpg,4000,3000,Person,2718,1491,2752,1578
IMG_20191201_132222.jpg,4000,3000,Person,2759,1493,2787,1579
IMG_20191201_132222.jpg,4000,3000,Person,3046,1475,3092,1602
IMG_20191201_132222.jpg,4000,3000,Person,3070,1489,3105,1614
IMG_20191201_132255.jpg,4000,3000,Car,1,1615,885,2370
IMG_20191201_132255.jpg,4000,3000,Car,788,1651,1262,1980
IMG_20191201_132255.jpg,4000,3000,Van,1237,1436,2007,2218
IMG_20191201_132255.jpg,4000,3000,Van,1898,1580,2263,1976
IMG_20191201_132255.jpg,4000,3000,Car,2259,1698,2776,1929
IMG_20191201_132255.jpg,4000,3000,Person,2731,1709,2777,1822
IMG_20191201_132255.jpg,4000,3000,Person,2778,1709,2824,1824
IMG_20191201_132255.jpg,4000,3000,Taxi,3158,1389,3999,2371
IMG_20191201_132301.jpg,4000,3000,Car,1,1528,758,2429
IMG_20191201_132301.jpg,4000,3000,Van,970,1224,2145,2376
IMG_20191201_132301.jpg,4000,3000,Van,1973,1499,2420,1973
IMG_20191201_132301.jpg,4000,3000,Car,3154,1699,3977,2055
IMG_20191201_132301.jpg,4000,3000,Person,2750,1665,2796,1766
IMG_20191201_132301.jpg,4000,3000,Person,2799,1674,2839,1766
IMG_20191201_132301.jpg,4000,3000,Person,2569,1660,2592,1729
IMG_20191201_132301.jpg,4000,3000,Car,2828,1692,2961,1747
IMG_20191201_132301.jpg,4000,3000,Person,3768,1634,3842,1880
IMG_20191201_132301.jpg,4000,3000,Person,3665,1637,3767,1857
IMG_20191201_132353.jpg,4000,3000,Person,842,1550,910,1732
IMG_20191201_132353.jpg,4000,3000,Person,702,1551,761,1712
IMG_20191201_132353.jpg,4000,3000,Person,760,1548,814,1693
IMG_20191201_132353.jpg,4000,3000,Person,789,1546,841,1686
IMG_20191201_132353.jpg,4000,3000,Person,2610,1572,2699,1779
IMG_20191201_132353.jpg,4000,3000,Person,1835,1554,1886,1701
IMG_20191201_132353.jpg,4000,3000,Person,1777,1547,1835,1704
IMG_20191201_132353.jpg,4000,3000,Car,1362,1592,1519,1686
IMG_20191201_132353.jpg,4000,3000,Car,1045,1589,1093,1628
IMG_20191201_132353.jpg,4000,3000,Van,937,1579,986,1621
IMG_20191201_132358.jpg,4000,3000,Taxi,2840,1360,3523,1709
IMG_20191201_132358.jpg,4000,3000,Car,3917,1460,3998,1886
IMG_20191201_132358.jpg,4000,3000,Person,3531,1368,3611,1558
IMG_20191201_132358.jpg,4000,3000,Car,2315,1395,2501,1538
IMG_20191201_132358.jpg,4000,3000,Car,2218,1419,2319,1490
IMG_20191201_132358.jpg,4000,3000,Person,2183,1411,2212,1483
IMG_20191201_132358.jpg,4000,3000,Car,1777,1422,1897,1509
IMG_20191201_132358.jpg,4000,3000,Person,707,1379,807,1644
IMG_20191201_132358.jpg,4000,3000,Person,821,1368,930,1645
IMG_20191201_132358.jpg,4000,3000,Bicycle,1066,1473,1191,1547
IMG_20191201_132358.jpg,4000,3000,Person,1092,1426,1153,1523
IMG_20191201_132358.jpg,4000,3000,Person,1523,1413,1550,1482
IMG_20191201_132358.jpg,4000,3000,Person,1572,1415,1592,1481
IMG_20191201_132358.jpg,4000,3000,Person,1552,1411,1573,1478
IMG_20191201_132401.jpg,4000,3000,Bus,1,1099,385,1728
IMG_20191201_132401.jpg,4000,3000,Bicycle,273,1566,582,1728
IMG_20191201_132401.jpg,4000,3000,Person,331,1469,492,1730
IMG_20191201_132401.jpg,4000,3000,Person,1544,1470,1580,1569
IMG_20191201_132401.jpg,4000,3000,Person,1592,1465,1626,1550
IMG_20191201_132401.jpg,4000,3000,Person,1636,1468,1672,1550
IMG_20191201_132401.jpg,4000,3000,Car,2807,1484,3096,1652
IMG_20191201_132401.jpg,4000,3000,Car,1996,1484,2077,1547
IMG_20191201_132401.jpg,4000,3000,Car,2294,1473,2362,1520
IMG_20191201_132401.jpg,4000,3000,Car,2037,1473,2095,1519
IMG_20191201_132401.jpg,4000,3000,Car,2268,1465,2315,1503
IMG_20191201_132407.jpg,4000,3000,Car,1199,1434,1570,1625
IMG_20191201_132407.jpg,4000,3000,Car,877,1427,1068,1559
IMG_20191201_132407.jpg,4000,3000,Car,212,1381,268,1416
IMG_20191201_132407.jpg,4000,3000,Car,269,1397,327,1434
IMG_20191201_132407.jpg,4000,3000,Person,486,1381,501,1416
IMG_20191201_132407.jpg,4000,3000,Person,449,1382,469,1420
IMG_20191201_132416.jpg,4000,3000,Car,3091,1179,4000,2399
IMG_20191201_132416.jpg,4000,3000,Taxi,2484,1396,3016,1742
IMG_20191201_132416.jpg,4000,3000,Car,2313,1440,2559,1629
IMG_20191201_132416.jpg,4000,3000,Car,1973,1435,2120,1573
IMG_20191201_132416.jpg,4000,3000,Car,517,1428,813,1526
IMG_20191201_132416.jpg,4000,3000,Car,2228,1430,2402,1574
IMG_20191201_132419.jpg,4000,3000,Person,1179,1462,1245,1603
IMG_20191201_132419.jpg,4000,3000,Car,1960,1497,2086,1606
IMG_20191201_132419.jpg,4000,3000,Person,2319,1480,2377,1594
IMG_20191201_132419.jpg,4000,3000,Bicycle,2321,1523,2375,1607
IMG_20191201_132419.jpg,4000,3000,Car,2467,1416,2798,1719
IMG_20191201_132419.jpg,4000,3000,Car,2635,1421,3680,2027
IMG_20191201_132419.jpg,4000,3000,Person,3630,1316,3792,1913
IMG_20191201_132419.jpg,4000,3000,Person,3528,1315,3681,1891
IMG_20191201_132427.jpg,4000,3000,Car,3318,1498,4000,2389
IMG_20191201_132427.jpg,4000,3000,Car,2955,1609,3496,1952
IMG_20191201_132427.jpg,4000,3000,Car,2260,1577,2478,1745
IMG_20191201_132427.jpg,4000,3000,Car,1921,1574,2109,1739
IMG_20191201_132427.jpg,4000,3000,Car,1837,1587,1926,1658
IMG_20191201_132427.jpg,4000,3000,Car,2098,1590,2193,1668
IMG_20191201_132432.jpg,4000,3000,Car,3405,1538,4000,2597
IMG_20191201_132432.jpg,4000,3000,Car,679,1578,1587,2212
IMG_20191201_132432.jpg,4000,3000,Car,1890,1617,2170,1862
IMG_20191201_132432.jpg,4000,3000,Car,2168,1643,2238,1692
IMG_20191201_132432.jpg,4000,3000,Person,2346,1642,2382,1740
IMG_20191201_132432.jpg,4000,3000,Person,2424,1650,2456,1742
IMG_20191201_132432.jpg,4000,3000,Person,2456,1640,2492,1743
IMG_20191201_132432.jpg,4000,3000,Person,3480,1605,3598,1893
IMG_20191201_132456.jpg,4000,3000,Car,2924,1471,3953,2055
IMG_20191201_132456.jpg,4000,3000,Car,1856,1419,2369,1884
IMG_20191201_132456.jpg,4000,3000,Car,1538,1505,1784,1579
IMG_20191201_132456.jpg,4000,3000,Person,2468,1519,2509,1596
IMG_20191201_132456.jpg,4000,3000,Bicycle,2470,1553,2509,1619
IMG_20191201_132456.jpg,4000,3000,Person,2741,1498,2779,1631
IMG_20191201_132458.jpg,4000,3000,Van,2882,1264,4000,2357
IMG_20191201_132458.jpg,4000,3000,Car,1756,1469,2232,1889
IMG_20191201_132458.jpg,4000,3000,Car,2314,1552,2641,1781
IMG_20191201_132458.jpg,4000,3000,Person,2689,1570,2767,1704
IMG_20191201_132458.jpg,4000,3000,Bicycle,2699,1632,2765,1743
IMG_20191201_132458.jpg,4000,3000,Car,1406,1560,1702,1652
IMG_20191201_132458.jpg,4000,3000,Car,2220,1591,2320,1677
IMG_20191201_132501.jpg,4000,3000,Car,2871,1450,3549,1867
IMG_20191201_132501.jpg,4000,3000,Car,1242,1453,1669,1582
IMG_20191201_132501.jpg,4000,3000,Car,1905,1414,2294,1757
IMG_20191201_132501.jpg,4000,3000,Car,2353,1469,2518,1595
IMG_20191201_132501.jpg,4000,3000,Car,2470,1476,2588,1578
IMG_20191201_132501.jpg,4000,3000,Car,1662,1461,1902,1549
IMG_20191201_132503.jpg,4000,3000,Car,3434,1455,4000,2280
IMG_20191201_132503.jpg,4000,3000,Car,2936,1497,3457,1797
IMG_20191201_132503.jpg,4000,3000,Car,2591,1528,2765,1648
IMG_20191201_132503.jpg,4000,3000,Car,1960,1475,2350,1808
IMG_20191201_132503.jpg,4000,3000,Car,629,1502,1373,1728
IMG_20191201_132503.jpg,4000,3000,Car,1506,1509,1825,1621
IMG_20191201_132503.jpg,4000,3000,Car,2401,1525,2483,1588
IMG_20191201_132506.jpg,4000,3000,Car,1,1524,945,1873
IMG_20191201_132506.jpg,4000,3000,Car,1618,1559,1827,1658
IMG_20191201_132506.jpg,4000,3000,Garda_Van,1476,1474,1803,1645
IMG_20191201_132506.jpg,4000,3000,Car,595,1539,1106,1794
IMG_20191201_132506.jpg,4000,3000,Car,702,1543,1254,1759
IMG_20191201_132506.jpg,4000,3000,Car,1809,1541,2251,1927
IMG_20191201_132506.jpg,4000,3000,Car,2363,1587,2465,1662
IMG_20191201_132506.jpg,4000,3000,Car,2561,1537,3081,1886
IMG_20191201_132506.jpg,4000,3000,Car,2474,1588,2620,1695
IMG_20191201_132508.jpg,4000,3000,Car,1821,1464,2233,1827
IMG_20191201_132508.jpg,4000,3000,Car,2626,1507,3082,1782
IMG_20191201_132508.jpg,4000,3000,Car,2434,1516,2596,1636
IMG_20191201_132508.jpg,4000,3000,Person,1762,1499,1814,1607
IMG_20191201_132508.jpg,4000,3000,Car,1287,1469,1643,1619
IMG_20191201_132508.jpg,4000,3000,Garda_Van,1089,1335,1638,1613
IMG_20191201_132508.jpg,4000,3000,Car,1,1505,101,1822
IMG_20191201_132508.jpg,4000,3000,Car,1,1457,370,1798
IMG_20191201_132508.jpg,4000,3000,Car,1,1433,809,1769
IMG_20191201_132508.jpg,4000,3000,Car,300,1445,1017,1703
IMG_20191201_132508.jpg,4000,3000,Car,503,1424,1157,1669
IMG_20191201_132508.jpg,4000,3000,Car,821,1454,1332,1658
IMG_20191201_132508.jpg,4000,3000,Person,2668,1500,2697,1576
IMG_20191201_132513.jpg,4000,3000,Person,387,1354,554,1875
IMG_20191201_132513.jpg,4000,3000,Person,541,1388,693,1865
IMG_20191201_132513.jpg,4000,3000,Garda_Car,1,1471,219,1645
IMG_20191201_132513.jpg,4000,3000,Car,234,1430,851,1648
IMG_20191201_132513.jpg,4000,3000,Car,1958,1446,2329,1746
IMG_20191201_132513.jpg,4000,3000,Person,3033,1422,3089,1636
IMG_20191201_132513.jpg,4000,3000,Person,2461,1452,2484,1525
IMG_20191201_132513.jpg,4000,3000,Person,2486,1455,2506,1514
IMG_20191201_132513.jpg,4000,3000,Car,2352,1456,2408,1506
IMG_20191201_132513.jpg,4000,3000,Car,2276,1441,2348,1469
IMG_20191201_132632.jpg,4000,3000,Car,2704,1342,3238,1693
IMG_20191201_132632.jpg,4000,3000,Mini-Truck,2418,1221,2734,1532
IMG_20191201_132632.jpg,4000,3000,Car,1976,1289,2380,1642
IMG_20191201_132632.jpg,4000,3000,Car,1954,1276,2046,1344
IMG_20191201_132632.jpg,4000,3000,Person,1579,1294,1628,1417
IMG_20191201_132632.jpg,4000,3000,Person,1601,1285,1649,1411
IMG_20191201_132632.jpg,4000,3000,Person,1721,1270,1756,1404
IMG_20191201_132632.jpg,4000,3000,Person,1727,1286,1758,1406
IMG_20191201_132632.jpg,4000,3000,Person,1775,1292,1810,1408
IMG_20191201_132632.jpg,4000,3000,Person,1793,1280,1828,1407
IMG_20191201_132632.jpg,4000,3000,Person,1861,1270,1882,1330
IMG_20191201_132635.jpg,4000,3000,Car,2703,1397,3503,1867
IMG_20191201_132635.jpg,4000,3000,Person,3382,1387,3475,1654
IMG_20191201_132635.jpg,4000,3000,Person,3534,1396,3587,1650
IMG_20191201_132635.jpg,4000,3000,Car,1954,1363,2471,1817
IMG_20191201_132635.jpg,4000,3000,Car,2394,1409,2566,1543
IMG_20191201_132635.jpg,4000,3000,Person,2696,1376,2738,1484
IMG_20191201_132635.jpg,4000,3000,Person,2641,1363,2695,1481
IMG_20191201_132635.jpg,4000,3000,Person,2617,1352,2656,1463
IMG_20191201_132635.jpg,4000,3000,Person,2521,1355,2551,1443
IMG_20191201_132635.jpg,4000,3000,Car,1,1341,369,1485
IMG_20191201_132635.jpg,4000,3000,Person,1159,1345,1231,1607
IMG_20191201_132635.jpg,4000,3000,Person,1332,1326,1405,1591
IMG_20191201_132635.jpg,4000,3000,Person,1525,1325,1583,1572
IMG_20191201_132635.jpg,4000,3000,Person,1484,1341,1535,1576
IMG_20191201_132635.jpg,4000,3000,Person,1402,1326,1453,1578
IMG_20191201_132635.jpg,4000,3000,Person,1923,1381,1996,1431
IMG_20191201_132635.jpg,4000,3000,Person,1823,1356,1850,1417
IMG_20191201_132642.jpg,4000,3000,Taxi,3106,1246,4000,2429
IMG_20191201_132642.jpg,4000,3000,Person,3006,1410,3084,1614
IMG_20191201_132642.jpg,4000,3000,Person,2622,1361,2769,1641
IMG_20191201_132642.jpg,4000,3000,Scooter,2610,1433,2773,1688
IMG_20191201_132642.jpg,4000,3000,Van,2298,1420,2555,1631
IMG_20191201_132642.jpg,4000,3000,Car,1890,1361,2318,1733
IMG_20191201_132642.jpg,4000,3000,Person,1659,1495,1697,1617
IMG_20191201_132642.jpg,4000,3000,Bicycle,1674,1541,1712,1619
IMG_20191201_132642.jpg,4000,3000,Person,1796,1536,1821,1630
IMG_20191201_132646.jpg,4000,3000,Person,1314,1456,1398,1711
IMG_20191201_132646.jpg,4000,3000,Bicycle,1358,1540,1433,1709
IMG_20191201_132646.jpg,4000,3000,Car,1967,1498,2282,1765
IMG_20191201_132646.jpg,4000,3000,Person,2057,1459,2077,1503
IMG_20191201_132646.jpg,4000,3000,Taxi,2336,1491,2472,1602
IMG_20191201_132646.jpg,4000,3000,Car,2484,1490,2568,1556
IMG_20191201_132646.jpg,4000,3000,Person,2744,1464,2801,1619
IMG_20191201_132646.jpg,4000,3000,Car,2557,1480,2624,1539
IMG_20191201_132646.jpg,4000,3000,Car,2279,1488,2356,1546
IMG_20191201_132646.jpg,4000,3000,Taxi,3206,1513,3590,1654
IMG_20191201_132646.jpg,4000,3000,Car,2269,1431,2342,1459
IMG_20191201_132646.jpg,4000,3000,Car,2215,1435,2259,1467
IMG_20191201_132651.jpg,4000,3000,Person,1319,1332,1390,1609
IMG_20191201_132651.jpg,4000,3000,Person,1480,1325,1558,1601
IMG_20191201_132651.jpg,4000,3000,Person,1420,1335,1475,1614
IMG_20191201_132651.jpg,4000,3000,Car,2145,1368,2240,1446
IMG_20191201_132651.jpg,4000,3000,Car,2133,1327,2199,1366
IMG_20191201_132651.jpg,4000,3000,Car,2274,1371,2441,1508
IMG_20191201_132651.jpg,4000,3000,Taxi,2569,1365,2798,1550
IMG_20191201_132651.jpg,4000,3000,Person,3398,1339,3460,1595
IMG_20191201_132651.jpg,4000,3000,Person,3377,1303,3441,1600
IMG_20191201_132651.jpg,4000,3000,Car,3019,1372,3239,1524
IMG_20191201_132651.jpg,4000,3000,Car,2806,1379,3018,1537
IMG_20191201_132651.jpg,4000,3000,Car,2553,1320,2648,1356
IMG_20191201_132651.jpg,4000,3000,Car,2377,1379,2501,1476
IMG_20191201_132755.jpg,4000,3000,Car,2766,1477,2939,1546
IMG_20191201_132755.jpg,4000,3000,Car,2335,1475,2525,1577
IMG_20191201_132755.jpg,4000,3000,Taxi,1957,1461,2190,1634
IMG_20191201_132755.jpg,4000,3000,Taxi,1148,1394,1307,1468
IMG_20191201_132755.jpg,4000,3000,Car,1239,1374,1414,1460
IMG_20191201_132755.jpg,4000,3000,Car,1436,1474,1619,1608
IMG_20191201_132755.jpg,4000,3000,Car,1688,1472,1868,1613
IMG_20191201_132755.jpg,4000,3000,Car,1626,1451,1842,1529
IMG_20191201_132755.jpg,4000,3000,Car,1897,1474,2078,1593
IMG_20191201_132755.jpg,4000,3000,Car,2222,1460,2407,1545
IMG_20191201_132755.jpg,4000,3000,Car,2358,1461,2579,1547
IMG_20191201_132800.jpg,4000,3000,Taxi,2921,1358,3998,2416
IMG_20191201_132800.jpg,4000,3000,Car,2615,1493,3233,1874
IMG_20191201_132800.jpg,4000,3000,Car,1959,1463,2538,1986
IMG_20191201_132800.jpg,4000,3000,Car,1193,1496,1834,1901
IMG_20191201_132800.jpg,4000,3000,Car,1663,1393,1876,1515
IMG_20191201_132800.jpg,4000,3000,Car,1540,1425,1733,1523
IMG_20191201_132800.jpg,4000,3000,Car,1359,1407,1540,1488
IMG_20191201_132800.jpg,4000,3000,Car,1205,1385,1358,1470
IMG_20191201_132800.jpg,4000,3000,Car,1069,1373,1210,1445
IMG_20191201_132800.jpg,4000,3000,Car,970,1353,1096,1423
IMG_20191201_132800.jpg,4000,3000,Car,847,1349,976,1414
IMG_20191201_132800.jpg,4000,3000,Car,833,1362,899,1431
IMG_20191201_132819.jpg,4000,3000,Person,621,1213,685,1397
IMG_20191201_132819.jpg,4000,3000,Person,543,1202,620,1392
IMG_20191201_132819.jpg,4000,3000,Car,652,1341,1443,1839
IMG_20191201_132819.jpg,4000,3000,Car,3625,1342,4000,1711
IMG_20191201_132819.jpg,4000,3000,Car,2448,1298,3216,1672
IMG_20191201_132819.jpg,4000,3000,Taxi,2170,1266,2464,1446
IMG_20191201_132819.jpg,4000,3000,Car,1802,1272,2069,1443
IMG_20191201_132819.jpg,4000,3000,Car,1477,1295,1808,1546
IMG_20191201_132819.jpg,4000,3000,Van,1505,1187,1777,1372
IMG_20191201_132819.jpg,4000,3000,Car,1289,1248,1443,1341
IMG_20191201_132819.jpg,4000,3000,Car,1145,1245,1293,1322
IMG_20191201_132819.jpg,4000,3000,Car,905,1245,1083,1342
IMG_20191201_132819.jpg,4000,3000,Van,1008,1185,1160,1306
IMG_20191201_132819.jpg,4000,3000,Car,831,1231,922,1287
IMG_20191201_132821.jpg,4000,3000,Car,3801,1450,4000,1961
IMG_20191201_132821.jpg,4000,3000,Car,2343,1458,2782,1742
IMG_20191201_132821.jpg,4000,3000,Car,767,1373,1419,1780
IMG_20191201_132821.jpg,4000,3000,Car,1589,1417,1830,1616
IMG_20191201_132821.jpg,4000,3000,Van,1785,1362,2007,1574
IMG_20191201_132821.jpg,4000,3000,Car,1998,1456,2254,1625
IMG_20191201_132821.jpg,4000,3000,Car,2131,1458,2347,1612
IMG_20191201_132824.jpg,4000,3000,Person,1130,1409,1155,1475
IMG_20191201_132824.jpg,4000,3000,Person,1184,1433,1207,1481
IMG_20191201_132824.jpg,4000,3000,Car,1267,1346,1909,1796
IMG_20191201_132824.jpg,4000,3000,Car,1800,1377,2027,1577
IMG_20191201_132824.jpg,4000,3000,Person,2202,1419,2231,1506
IMG_20191201_132824.jpg,4000,3000,Person,2288,1418,2340,1512
IMG_20191201_132824.jpg,4000,3000,Van,2349,1301,2880,1521
IMG_20191201_132824.jpg,4000,3000,Car,2465,1395,2632,1532
IMG_20191201_132824.jpg,4000,3000,Car,2549,1379,2846,1566
IMG_20191201_132824.jpg,4000,3000,Car,2781,1373,2999,1532
IMG_20191201_132824.jpg,4000,3000,Car,2926,1321,3639,1726
IMG_20191201_132824.jpg,4000,3000,Car,3499,1379,3900,1603
IMG_20191201_132824.jpg,4000,3000,Car,3728,1394,3998,1713
IMG_20191201_132829.jpg,4000,3000,Car,179,1188,1513,1987
IMG_20191201_132829.jpg,4000,3000,Car,1805,1342,2460,1851
IMG_20191201_132829.jpg,4000,3000,Person,1577,1378,1612,1491
IMG_20191201_132829.jpg,4000,3000,Person,1613,1383,1652,1495
IMG_20191201_132829.jpg,4000,3000,Person,1776,1400,1816,1508
IMG_20191201_132829.jpg,4000,3000,Bus,2519,1377,2836,1548
IMG_20191201_132829.jpg,4000,3000,Taxi,2601,1469,2850,1551
IMG_20191201_132829.jpg,4000,3000,Car,2896,1495,3084,1570
IMG_20191201_132829.jpg,4000,3000,Person,2999,1410,3093,1583
IMG_20191201_132829.jpg,4000,3000,Person,3750,1521,3806,1622
IMG_20191201_132833.jpg,4000,3000,Car,1,1388,776,2555
IMG_20191201_132833.jpg,4000,3000,Car,1711,1406,2614,2096
IMG_20191201_132833.jpg,4000,3000,Person,1354,1464,1401,1571
IMG_20191201_132833.jpg,4000,3000,Person,1396,1476,1437,1572
IMG_20191201_132833.jpg,4000,3000,Person,1438,1454,1492,1602
IMG_20191201_132833.jpg,4000,3000,Car,1505,1434,1814,1677
IMG_20191201_132833.jpg,4000,3000,Person,2687,1453,2753,1659
IMG_20191201_132833.jpg,4000,3000,Taxi,2714,1494,3039,1638
IMG_20191201_132833.jpg,4000,3000,Car,2875,1525,3119,1632
IMG_20191201_132833.jpg,4000,3000,Taxi,3168,1528,3499,1646
IMG_20191201_132833.jpg,4000,3000,Bicycle,3573,1546,3766,1666
IMG_20191201_132833.jpg,4000,3000,Bus,3221,1369,3945,1648
IMG_20191201_132834.jpg,4000,3000,Car,111,1294,1442,2140
IMG_20191201_132834.jpg,4000,3000,Car,1684,1404,2659,2128
IMG_20191201_132834.jpg,4000,3000,Car,1553,1448,1819,1665
IMG_20191201_132834.jpg,4000,3000,Person,1484,1463,1532,1607
IMG_20191201_132834.jpg,4000,3000,Person,1332,1462,1380,1572
IMG_20191201_132834.jpg,4000,3000,Person,1381,1457,1431,1598
IMG_20191201_132834.jpg,4000,3000,Person,1420,1457,1472,1607
IMG_20191201_132834.jpg,4000,3000,Person,2557,1447,2674,1651
IMG_20191201_132834.jpg,4000,3000,Taxi,3230,1530,3585,1660
IMG_20191201_132834.jpg,4000,3000,Bicycle,3128,1542,3285,1659
IMG_20191201_132834.jpg,4000,3000,Person,3164,1464,3262,1638
IMG_20191201_132834.jpg,4000,3000,Taxi,2919,1528,3170,1642
IMG_20191201_132834.jpg,4000,3000,Bus,3656,1363,4000,1669
IMG_20191201_132834.jpg,4000,3000,Person,3590,1563,3622,1642
IMG_20191201_132834.jpg,4000,3000,Person,3563,1559,3590,1641
IMG_20191201_132837.jpg,4000,3000,Car,1,1306,1018,2671
IMG_20191201_132837.jpg,4000,3000,Car,1686,1367,2679,2141
IMG_20191201_132837.jpg,4000,3000,Car,1271,1379,1742,1737
IMG_20191201_132837.jpg,4000,3000,Taxi,3352,1490,3739,1626
IMG_20191201_132837.jpg,4000,3000,Taxi,3057,1489,3369,1614
IMG_20191201_132837.jpg,4000,3000,Person,1289,1433,1328,1595
IMG_20191201_132840.jpg,4000,3000,Car,1656,1387,2720,2175
IMG_20191201_132840.jpg,4000,3000,Car,707,1416,1607,2016
IMG_20191201_132840.jpg,4000,3000,Taxi,3451,1509,3873,1657
IMG_20191201_132840.jpg,4000,3000,Taxi,3110,1510,3459,1633
IMG_20191201_132840.jpg,4000,3000,Car,1341,1405,1737,1764
IMG_20191201_132840.jpg,4000,3000,Car,3642,1525,3975,1649
IMG_20191201_132840.jpg,4000,3000,Person,2725,1469,2817,1601
IMG_20191201_132840.jpg,4000,3000,Bicycle,2705,1540,2836,1627
IMG_20191201_132932.jpg,4000,3000,Car,1,1293,1214,2500
IMG_20191201_132932.jpg,4000,3000,Car,1410,1346,1853,1680
IMG_20191201_132932.jpg,4000,3000,Car,2099,1401,2460,1675
IMG_20191201_132932.jpg,4000,3000,Bicycle,1228,1454,1399,1610
IMG_20191201_132932.jpg,4000,3000,Car,1860,1426,1978,1531
IMG_20191201_132932.jpg,4000,3000,Car,3781,1431,4000,1636
IMG_20191201_132936.jpg,4000,3000,Car,1,1455,356,2303
IMG_20191201_132936.jpg,4000,3000,Car,875,1428,1203,1630
IMG_20191201_132936.jpg,4000,3000,Car,1249,1419,1566,1655
IMG_20191201_132936.jpg,4000,3000,Car,1830,1464,1904,1534
IMG_20191201_132936.jpg,4000,3000,Car,1930,1466,2040,1559
IMG_20191201_132936.jpg,4000,3000,Car,1995,1446,2354,1723
IMG_20191201_132936.jpg,4000,3000,Car,1546,1471,1637,1536
IMG_20191201_132936.jpg,4000,3000,Car,2621,1459,2916,1613
IMG_20191201_132936.jpg,4000,3000,Person,2979,1468,3025,1559
IMG_20191201_132936.jpg,4000,3000,Person,3029,1469,3084,1567
IMG_20191201_132939.jpg,4000,3000,Car,1,1576,437,2287
IMG_20191201_132939.jpg,4000,3000,Person,9,1467,145,1789
IMG_20191201_132939.jpg,4000,3000,Person,1048,1508,1116,1680
IMG_20191201_132939.jpg,4000,3000,Car,1275,1552,1518,1691
IMG_20191201_132939.jpg,4000,3000,Car,1609,1517,1899,1726
IMG_20191201_132939.jpg,4000,3000,Car,2098,1532,2470,1822
IMG_20191201_132939.jpg,4000,3000,Car,2516,1578,2618,1668
IMG_20191201_132939.jpg,4000,3000,Person,3905,1577,3969,1737
IMG_20191201_132939.jpg,4000,3000,Taxi,2947,1578,3241,1752
IMG_20191201_132941.jpg,4000,3000,Car,1,1491,1248,2367
IMG_20191201_132941.jpg,4000,3000,Car,2016,1576,2359,1848
IMG_20191201_132941.jpg,4000,3000,Car,1700,1571,1949,1767
IMG_20191201_132941.jpg,4000,3000,Car,1515,1616,1680,1716
IMG_20191201_132941.jpg,4000,3000,Car,1976,1625,2065,1692
IMG_20191201_133018.jpg,4000,3000,Car,1587,1561,2952,2180
IMG_20191201_133018.jpg,4000,3000,Person,414,1556,522,1887
IMG_20191201_133018.jpg,4000,3000,Car,3777,1573,4000,1935
IMG_20191201_133022.jpg,4000,3000,Bicycle,55,1642,465,2134
IMG_20191201_133022.jpg,4000,3000,Car,1476,1525,2135,2018
IMG_20191201_133022.jpg,4000,3000,Car,1990,1541,2250,1745
IMG_20191201_133024.jpg,4000,3000,Person,560,1375,715,1823
IMG_20191201_133024.jpg,4000,3000,Car,1804,1530,2209,1848
IMG_20191201_133024.jpg,4000,3000,Car,1417,1595,1508,1654
IMG_20191201_133125.jpg,4000,3000,Van,1,793,1047,2371
IMG_20191201_133125.jpg,4000,3000,Person,1387,1542,1448,1723
IMG_20191201_133125.jpg,4000,3000,Car,1719,1580,1882,1695
IMG_20191201_133125.jpg,4000,3000,Car,1965,1573,2290,1832
IMG_20191201_133125.jpg,4000,3000,Car,2352,1557,2564,1725
IMG_20191201_133125.jpg,4000,3000,Person,2301,1544,2321,1632
IMG_20191201_133125.jpg,4000,3000,Person,2324,1548,2353,1637
IMG_20191201_133125.jpg,4000,3000,Person,2360,1545,2395,1641
IMG_20191201_133125.jpg,4000,3000,Person,2711,1547,2739,1649
IMG_20191201_133130.jpg,4000,3000,Car,79,1647,1236,2222
IMG_20191201_133130.jpg,4000,3000,Bicycle,1335,1714,1447,1938
IMG_20191201_133130.jpg,4000,3000,Bicycle,1306,1723,1400,1941
IMG_20191201_133130.jpg,4000,3000,Person,1610,1639,1695,1840
IMG_20191201_133130.jpg,4000,3000,Person,1642,1635,1732,1837
IMG_20191201_133130.jpg,4000,3000,Car,1797,1652,2477,2169
IMG_20191201_133130.jpg,4000,3000,Car,2450,1627,2960,1968
IMG_20191201_133130.jpg,4000,3000,Person,3069,1674,3134,1839
IMG_20191201_133203.jpg,4000,3000,Person,1311,1628,1391,1856
IMG_20191201_133203.jpg,4000,3000,Person,1540,1643,1593,1809
IMG_20191201_133203.jpg,4000,3000,Person,1591,1651,1649,1809
IMG_20191201_133203.jpg,4000,3000,Person,1663,1657,1712,1807
IMG_20191201_133203.jpg,4000,3000,Person,1714,1647,1765,1806
IMG_20191201_133203.jpg,4000,3000,Person,1767,1659,1811,1802
IMG_20191201_133203.jpg,4000,3000,Person,1890,1669,1926,1774
IMG_20191201_133203.jpg,4000,3000,Person,1984,1653,2028,1772
IMG_20191201_133203.jpg,4000,3000,Car,2033,1680,2279,1854
IMG_20191201_133203.jpg,4000,3000,Car,2411,1642,2781,1933
IMG_20191201_133203.jpg,4000,3000,Car,2231,1684,2388,1796
IMG_20191201_133203.jpg,4000,3000,Car,2796,1681,3012,1836
IMG_20191201_133203.jpg,4000,3000,Taxi,3478,1660,4000,1949
IMG_20191201_133203.jpg,4000,3000,Person,3431,1665,3490,1816
IMG_20191201_133203.jpg,4000,3000,Person,3385,1667,3432,1796
IMG_20191201_133203.jpg,4000,3000,Person,3231,1705,3263,1768
IMG_20191201_133203.jpg,4000,3000,Person,3163,1706,3194,1764
IMG_20191201_133203.jpg,4000,3000,Car,2988,1716,3054,1767
IMG_20191201_133206.jpg,4000,3000,Person,340,1624,526,1998
IMG_20191201_133206.jpg,4000,3000,Person,513,1571,722,2057
IMG_20191201_133206.jpg,4000,3000,Person,876,1657,979,1929
IMG_20191201_133206.jpg,4000,3000,Person,1477,1699,1565,1918
IMG_20191201_133206.jpg,4000,3000,Person,1569,1696,1657,1913
IMG_20191201_133206.jpg,4000,3000,Person,1658,1697,1752,1913
IMG_20191201_133206.jpg,4000,3000,Person,1752,1740,1785,1843
IMG_20191201_133206.jpg,4000,3000,Person,1787,1745,1823,1845
IMG_20191201_133206.jpg,4000,3000,Car,2226,1740,2453,1920
IMG_20191201_133206.jpg,4000,3000,Car,2448,1761,2539,1841
IMG_20191201_133206.jpg,4000,3000,Car,2650,1689,3062,2004
IMG_20191201_133206.jpg,4000,3000,Car,2971,1744,3138,1912
IMG_20191201_133206.jpg,4000,3000,Car,2504,1767,2576,1823
IMG_20191201_133206.jpg,4000,3000,Person,2009,1746,2048,1828
IMG_20191201_133206.jpg,4000,3000,Person,1977,1752,2010,1833
IMG_20191201_133206.jpg,4000,3000,Person,1883,1753,1911,1836
IMG_20191201_133206.jpg,4000,3000,Person,1920,1755,1950,1837
IMG_20191201_133206.jpg,4000,3000,Person,1952,1758,1976,1835
IMG_20191201_133210.jpg,4000,3000,Person,85,1625,170,1869
IMG_20191201_133210.jpg,4000,3000,Person,170,1657,257,1885
IMG_20191201_133210.jpg,4000,3000,Person,249,1658,348,1938
IMG_20191201_133210.jpg,4000,3000,Person,354,1670,470,1931
IMG_20191201_133210.jpg,4000,3000,Person,475,1644,584,1936
IMG_20191201_133210.jpg,4000,3000,Person,596,1643,741,1932
IMG_20191201_133210.jpg,4000,3000,Person,722,1665,822,1912
IMG_20191201_133210.jpg,4000,3000,Person,870,1657,984,1914
IMG_20191201_133210.jpg,4000,3000,Person,1097,1673,1141,1802
IMG_20191201_133210.jpg,4000,3000,Person,1182,1675,1222,1780
IMG_20191201_133210.jpg,4000,3000,Person,1229,1681,1262,1780
IMG_20191201_133210.jpg,4000,3000,Person,1388,1676,1424,1810
IMG_20191201_133210.jpg,4000,3000,Person,1426,1667,1462,1810
IMG_20191201_133210.jpg,4000,3000,Car,1458,1703,1576,1798
IMG_20191201_133210.jpg,4000,3000,Car,1805,1708,2068,1910
IMG_20191201_133210.jpg,4000,3000,Van,2169,1657,2403,1762
IMG_20191201_133210.jpg,4000,3000,Car,2380,1665,2863,2012
IMG_20191201_133210.jpg,4000,3000,Person,3605,1657,3707,1857
IMG_20191201_133210.jpg,4000,3000,Person,3707,1666,3787,1888
IMG_20191201_133210.jpg,4000,3000,Person,3786,1659,3876,1887
IMG_20191201_133210.jpg,4000,3000,Car,3838,1703,4000,2152
IMG_20191201_133210.jpg,4000,3000,Car,2818,1707,2958,1775
IMG_20191201_133210.jpg,4000,3000,Car,2349,1707,2501,1782
IMG_20191201_133210.jpg,4000,3000,Car,1759,1703,1944,1840
IMG_20191201_133212.jpg,4000,3000,Person,643,1621,766,2040
IMG_20191201_133212.jpg,4000,3000,Person,756,1592,905,2031
IMG_20191201_133212.jpg,4000,3000,Person,932,1692,1007,1860
IMG_20191201_133212.jpg,4000,3000,Person,1003,1701,1045,1868
IMG_20191201_133212.jpg,4000,3000,Car,1258,1725,1500,1930
IMG_20191201_133212.jpg,4000,3000,Car,1795,1731,2038,1923
IMG_20191201_133212.jpg,4000,3000,Car,2291,1693,2698,1979
IMG_20191201_133212.jpg,4000,3000,Car,3266,1712,3893,1998
IMG_20191201_133346.jpg,4000,3000,Person,650,1386,797,1782
IMG_20191201_133346.jpg,4000,3000,Person,839,1447,932,1685
IMG_20191201_133346.jpg,4000,3000,Person,999,1466,1065,1667
IMG_20191201_133346.jpg,4000,3000,Person,1079,1472,1164,1666
IMG_20191201_133346.jpg,4000,3000,Person,1316,1484,1352,1575
IMG_20191201_133346.jpg,4000,3000,Taxi,1293,1460,1704,1808
IMG_20191201_133346.jpg,4000,3000,Taxi,1705,1500,1882,1650
IMG_20191201_133346.jpg,4000,3000,Van,2701,1494,3039,1734
IMG_20191201_133346.jpg,4000,3000,Person,3599,1529,3698,1804
IMG_20191201_133352.jpg,4000,3000,Car,2985,1567,4000,2353
IMG_20191201_133352.jpg,4000,3000,Car,2605,1630,3152,1986
IMG_20191201_133352.jpg,4000,3000,Taxi,2038,1580,2525,2009
IMG_20191201_133352.jpg,4000,3000,Person,2000,1591,2078,1787
IMG_20191201_133352.jpg,4000,3000,Bicycle,2016,1680,2088,1788
IMG_20191201_133352.jpg,4000,3000,Bicycle,1791,1653,1880,1814
IMG_20191201_133352.jpg,4000,3000,Bicycle,1887,1684,1983,1795
IMG_20191201_133352.jpg,4000,3000,Bicycle,1904,1650,1948,1767
IMG_20191201_133448.jpg,4000,3000,Person,1,889,310,2476
IMG_20191201_133448.jpg,4000,3000,Person,492,1082,720,1878
IMG_20191201_133448.jpg,4000,3000,Car,2933,1355,3933,1875
IMG_20191201_133448.jpg,4000,3000,Person,2051,1425,2119,1598
IMG_20191201_133448.jpg,4000,3000,Taxi,2405,1414,2687,1645
IMG_20191201_133448.jpg,4000,3000,Person,2141,1461,2182,1567
IMG_20191201_133448.jpg,4000,3000,Person,2179,1463,2206,1563
IMG_20191201_133448.jpg,4000,3000,Person,2334,1469,2367,1560
IMG_20191201_133448.jpg,4000,3000,Bicycle,2333,1511,2367,1567
IMG_20191201_133448.jpg,4000,3000,Car,2781,1471,2938,1575
IMG_20191201_133450.jpg,4000,3000,Car,1328,1400,2372,1863
IMG_20191201_133450.jpg,4000,3000,Car,1810,1425,2690,1817
IMG_20191201_133450.jpg,4000,3000,Car,725,1400,1289,1699
IMG_20191201_133450.jpg,4000,3000,Taxi,543,1425,800,1597
IMG_20191201_133450.jpg,4000,3000,Car,218,1425,549,1602
IMG_20191201_133452.jpg,4000,3000,Person,1084,1280,1195,1561
IMG_20191201_133452.jpg,4000,3000,Person,1189,1315,1253,1507
IMG_20191201_133452.jpg,4000,3000,Car,1434,1364,1789,1572
IMG_20191201_133452.jpg,4000,3000,Person,1969,1380,2004,1483
IMG_20191201_133452.jpg,4000,3000,Car,2828,1331,4000,1947
IMG_20191201_133452.jpg,4000,3000,Car,2655,1359,2987,1578
IMG_20191201_133455.jpg,4000,3000,Person,1446,1385,1498,1560
IMG_20191201_133455.jpg,4000,3000,Car,1112,1390,1462,1557
IMG_20191201_133455.jpg,4000,3000,Person,1505,1390,1550,1540
IMG_20191201_133455.jpg,4000,3000,Person,1584,1405,1629,1527
IMG_20191201_133455.jpg,4000,3000,Person,1699,1409,1750,1537
IMG_20191201_133455.jpg,4000,3000,Car,1812,1425,1934,1532
IMG_20191201_133455.jpg,4000,3000,Car,2126,1441,2198,1490
IMG_20191201_133455.jpg,4000,3000,Car,2214,1445,2277,1493
IMG_20191201_133455.jpg,4000,3000,Person,2967,1410,3069,1622
IMG_20191201_133459.jpg,4000,3000,Car,92,1384,1422,2217
IMG_20191201_133459.jpg,4000,3000,Car,3166,1427,4000,2287
IMG_20191201_133459.jpg,4000,3000,Car,1198,1456,1791,1840
IMG_20191201_133459.jpg,4000,3000,Car,1848,1468,1996,1580
IMG_20191201_133459.jpg,4000,3000,Person,1700,1439,1752,1563
IMG_20191201_133459.jpg,4000,3000,Car,2390,1481,2511,1568
IMG_20191201_133459.jpg,4000,3000,Taxi,2235,1461,2337,1530
IMG_20191201_133459.jpg,4000,3000,Car,2144,1475,2224,1527
IMG_20191201_133501.jpg,4000,3000,Car,1,1396,1489,2526
IMG_20191201_133501.jpg,4000,3000,Car,3292,1476,4000,1922
IMG_20191201_133501.jpg,4000,3000,Car,2442,1452,2805,1700
IMG_20191201_133501.jpg,4000,3000,Taxi,2301,1440,2488,1553
IMG_20191201_133501.jpg,4000,3000,Car,1444,1442,1822,1701
IMG_20191201_133501.jpg,4000,3000,Car,1667,1448,1902,1637
IMG_20191201_133501.jpg,4000,3000,Car,1803,1456,1971,1584
IMG_20191201_133504.jpg,4000,3000,Car,1,1424,1363,2751
IMG_20191201_133504.jpg,4000,3000,Taxi,2570,1450,3062,1725
IMG_20191201_133504.jpg,4000,3000,Person,1109,1447,1224,1715
IMG_20191201_133504.jpg,4000,3000,Person,1203,1489,1251,1617
IMG_20191201_133504.jpg,4000,3000,Car,1320,1515,1426,1594
IMG_20191201_133504.jpg,4000,3000,Car,1550,1526,1600,1566
IMG_20191201_133504.jpg,4000,3000,Person,1526,1519,1542,1556
IMG_20191201_133507.jpg,4000,3000,Car,1090,1499,1691,1895
IMG_20191201_133507.jpg,4000,3000,Car,2036,1511,2247,1587
IMG_20191201_133507.jpg,4000,3000,Car,2309,1531,2404,1605
IMG_20191201_133507.jpg,4000,3000,Person,1860,1500,1882,1577
IMG_20191201_133507.jpg,4000,3000,Person,2435,1518,2458,1577
IMG_20191201_133507.jpg,4000,3000,Person,2638,1515,2670,1569
IMG_20191201_133511.jpg,4000,3000,Person,1843,1454,1912,1684
IMG_20191201_133511.jpg,4000,3000,Person,1913,1443,1996,1696
IMG_20191201_133511.jpg,4000,3000,Car,2935,1529,3182,1707
IMG_20191201_133511.jpg,4000,3000,Car,2767,1499,3230,1673
IMG_20191201_133511.jpg,4000,3000,Person,3165,1504,3197,1576
IMG_20191201_133511.jpg,4000,3000,Car,2666,1504,2701,1530
IMG_20191201_133513.jpg,4000,3000,Person,821,1364,918,1709
IMG_20191201_133513.jpg,4000,3000,Person,1147,1329,1311,1709
IMG_20191201_133513.jpg,4000,3000,Person,1024,1355,1137,1703
IMG_20191201_133513.jpg,4000,3000,Person,921,1329,1021,1709
IMG_20191201_133513.jpg,4000,3000,Car,2630,1483,3137,1814
IMG_20191201_133513.jpg,4000,3000,Car,2308,1445,2925,1686
IMG_20191201_133526.jpg,4000,3000,Person,554,1347,662,1782
IMG_20191201_133526.jpg,4000,3000,Person,3798,1474,3909,1768
IMG_20191201_133526.jpg,4000,3000,Person,3891,1424,3992,1763
IMG_20191201_133526.jpg,4000,3000,Person,2538,1476,2581,1571
IMG_20191201_133526.jpg,4000,3000,Car,2132,1478,2217,1543
IMG_20191201_133526.jpg,4000,3000,Car,1925,1476,1971,1513
IMG_20191201_133526.jpg,4000,3000,Car,2085,1479,2127,1508
IMG_20191201_133526.jpg,4000,3000,Car,2039,1473,2090,1504
IMG_20191201_133526.jpg,4000,3000,Car,1997,1473,2031,1500
IMG_20191201_133526.jpg,4000,3000,Person,1794,1460,1813,1525
IMG_20191201_133526.jpg,4000,3000,Person,1839,1460,1857,1510
